Date,ticker,open,high,low,close,volume
2023-01-03,IAU,34.935,35.1,34.6792,34.88,9173247
2023-01-04,IAU,35.26,35.295,35.05,35.21,6501024
2023-01-05,IAU,34.84,34.87,34.6278,34.79,5035894
2023-01-06,IAU,35.01,35.48,34.92,35.43,5675836
2023-01-09,IAU,35.59,35.695,35.455,35.5,7575229
2023-01-10,IAU,35.615,35.68,35.5,35.62,3559107
2023-01-11,IAU,35.635,35.65,35.4221,35.61,3216243
2023-01-12,IAU,35.89,36.0321,35.665,36.02,3994440
2023-01-13,IAU,36.09,36.4657,36.08,36.45,3621869
2023-01-17,IAU,36.34,36.36,36.11,36.21,4346137
2023-01-18,IAU,36.48,36.535,36.0748,36.11,4003739
2023-01-19,IAU,36.38,36.71,36.3201,36.69,7951253
2023-01-20,IAU,36.5,36.6359,36.4336,36.55,3434781
2023-01-23,IAU,36.38,36.64,36.255,36.62,4384256
2023-01-24,IAU,36.62,36.77,36.37,36.75,2691214
2023-01-25,IAU,36.57,36.955,36.56,36.94,3613036
2023-01-26,IAU,36.74,36.76,36.39,36.59,4210342
2023-01-27,IAU,36.57,36.65,36.355,36.55,5252363
2023-01-30,IAU,36.55,36.59,36.43,36.44,3552020
2023-01-31,IAU,36.47,36.63,36.41,36.59,9142751
2023-02-01,IAU,36.66,37.07,36.43,37.07,9936335
2023-02-02,IAU,36.93,36.93,36.25,36.26,6710432
2023-02-03,IAU,35.67,35.77,35.3007,35.37,15543077
2023-02-06,IAU,35.51,35.5767,35.3311,35.45,6703909
2023-02-07,IAU,35.43,35.74,35.37,35.48,4747641
2023-02-08,IAU,35.69,35.69,35.45,35.58,4550195
2023-02-09,IAU,35.8,35.8,35.255,35.29,4424979
2023-02-10,IAU,35.42,35.4265,35.215,35.35,3754135
2023-02-13,IAU,35.211,35.27,35.095,35.18,3740776
2023-02-14,IAU,35.07,35.38,34.96,35.2,5411619
2023-02-15,IAU,34.8,34.87,34.705,34.84,11797733
2023-02-16,IAU,34.73,35.0,34.665,34.84,8036928
2023-02-17,IAU,34.649,34.97,34.575,34.93,3329119
2023-02-21,IAU,34.91,34.975,34.74,34.79,3073387
2023-02-22,IAU,34.85,34.8604,34.58,34.61,2436835
2023-02-23,IAU,34.64,34.7,34.48,34.58,2388806
2023-02-24,IAU,34.348,34.4357,34.305,34.33,3821195
2023-02-27,IAU,34.44,34.52,34.375,34.45,3299062
2023-02-28,IAU,34.42,34.7213,34.3892,34.62,3875235
2023-03-01,IAU,34.86,34.98,34.76,34.84,6702333
2023-03-02,IAU,34.78,34.87,34.745,34.83,5495952
2023-03-03,IAU,34.98,35.2,34.875,35.19,3331676
2023-03-06,IAU,35.13,35.1594,34.99,35.02,2396118
2023-03-07,IAU,34.76,34.77,34.37,34.38,5803551
2023-03-08,IAU,34.38,34.59,34.375,34.39,2423404
2023-03-09,IAU,34.63,34.8,34.6123,34.7,3747622
2023-03-10,IAU,35.08,35.47,35.06,35.46,4736356
2023-03-13,IAU,36.03,36.31,35.96,36.29,7072470
2023-03-14,IAU,36.18,36.23,35.94,36.07,5613830
2023-03-15,IAU,36.471,36.7399,36.2011,36.34,7125798
2023-03-16,IAU,36.61,36.64,36.28,36.43,4496413
2023-03-17,IAU,36.92,37.691,36.8794,37.49,10011148
2023-03-20,IAU,37.58,37.64,37.27,37.5,6969223
2023-03-21,IAU,37.27,37.275,36.7,36.8,7122860
2023-03-22,IAU,36.8,37.52,36.78,37.42,10377757
2023-03-23,IAU,37.51,37.99,37.455,37.9,4992558
2023-03-24,IAU,37.86,37.935,37.455,37.46,5889051
2023-03-27,IAU,36.96,37.155,36.855,37.12,3858900
2023-03-28,IAU,37.19,37.4563,37.15,37.43,3851791
2023-03-29,IAU,37.23,37.39,37.18,37.24,4415964
2023-03-30,IAU,37.27,37.622,37.2421,37.57,5241781
2023-03-31,IAU,37.56,37.62,37.292,37.37,4543455
2023-04-03,IAU,37.51,37.75,37.4,37.65,6364983
2023-04-04,IAU,37.69,38.4,37.67,38.35,9932446
2023-04-05,IAU,38.43,38.52,38.1,38.32,10352271
2023-04-06,IAU,38.14,38.2,37.9327,38.05,5101530
2023-04-10,IAU,37.77,37.81,37.58,37.77,3115751
2023-04-11,IAU,37.91,38.045,37.875,37.99,3374485
2023-04-12,IAU,38.25,38.28,37.94,38.19,3652451
2023-04-13,IAU,38.71,38.84,38.56,38.7,7479384
2023-04-14,IAU,38.37,38.45,37.78,38.01,8999340
2023-04-17,IAU,37.925,37.93,37.56,37.86,4730900
2023-04-18,IAU,37.79,38.1415,37.75,37.99,2732944
2023-04-19,IAU,37.61,37.86,37.59,37.8,3255842
2023-04-20,IAU,37.97,38.155,37.9,37.98,3005930
2023-04-21,IAU,37.73,37.88,37.38,37.59,4112933
2023-04-24,IAU,37.56,37.745,37.425,37.71,2865223
2023-04-25,IAU,37.71,37.99,37.6,37.89,3740646
2023-04-26,IAU,38.07,38.0738,37.6,37.68,3321237
2023-04-27,IAU,37.53,37.7399,37.41,37.69,2899902
2023-04-28,IAU,37.69,37.8109,37.57,37.71,2992773
2023-05-01,IAU,37.95,37.99,37.52,37.52,6086297
2023-05-02,IAU,37.67,38.28,37.64,38.25,5672175
2023-05-03,IAU,38.28,38.595,38.14,38.57,6737569
2023-05-04,IAU,38.527,39.04,38.52,38.86,13324884
2023-05-05,IAU,38.07,38.27,37.9,38.24,4261870
2023-05-08,IAU,38.32,38.47,38.25,38.29,2826430
2023-05-09,IAU,38.38,38.63,38.37,38.55,5764410
2023-05-10,IAU,38.555,38.68,38.32,38.51,3556592
2023-05-11,IAU,38.45,38.52,38.129,38.19,4434717
2023-05-12,IAU,38.245,38.33,38.07,38.11,4194323
2023-05-15,IAU,38.21,38.33,38.165,38.19,2254495
2023-05-16,IAU,38.07,38.12,37.63,37.72,4526019
2023-05-17,IAU,37.61,37.63,37.43,37.59,4936807
2023-05-18,IAU,37.15,37.19,37.0,37.09,4298499
2023-05-19,IAU,37.19,37.61,37.095,37.45,3711649
2023-05-22,IAU,37.37,37.505,37.32,37.39,2746742
2023-05-23,IAU,37.3,37.49,37.23,37.42,3727469
2023-05-24,IAU,37.44,37.445,37.0801,37.13,4388390
2023-05-25,IAU,36.97,36.9901,36.7485,36.76,4267480
2023-05-26,IAU,36.94,36.99,36.7487,36.92,2158281
2023-05-30,IAU,37.07,37.21,36.96,37.14,3584084
2023-05-31,IAU,37.2,37.422,37.16,37.2,3989257
2023-06-01,IAU,37.3,37.5842,37.29,37.49,6649585
2023-06-02,IAU,37.46,37.46,36.92,36.94,4971553
2023-06-05,IAU,36.88,37.2299,36.875,37.16,3903343
2023-06-06,IAU,37.21,37.2692,37.04,37.2,3893510
2023-06-07,IAU,37.12,37.335,36.76,36.76,2904241
2023-06-08,IAU,37.14,37.342,37.13,37.25,2998547
2023-06-09,IAU,37.22,37.2954,37.08,37.14,2127066
2023-06-12,IAU,37.09,37.12,36.9401,37.11,2776222
2023-06-13,IAU,37.16,37.23,36.76,36.83,3469362
2023-06-14,IAU,37.07,37.1263,36.76,36.86,3469908
2023-06-15,IAU,36.78,37.15,36.765,37.11,6209032
2023-06-16,IAU,37.13,37.26,37.015,37.06,3244930
2023-06-20,IAU,36.74,36.75,36.57,36.68,6044270
2023-06-21,IAU,36.55,36.715,36.36,36.63,4377521
2023-06-22,IAU,36.4,36.52,36.245,36.26,5115154
2023-06-23,IAU,36.66,36.72,36.34,36.35,3675216
2023-06-26,IAU,36.52,36.54,36.41,36.42,3636560
2023-06-27,IAU,36.55,36.58,36.21,36.25,4944417
2023-06-28,IAU,36.16,36.26,36.0501,36.17,3230370
2023-06-29,IAU,35.88,36.24,35.87,36.15,2908770
2023-06-30,IAU,36.25,36.43,36.1899,36.39,4193314
2023-07-03,IAU,36.44,36.59,36.41,36.41,4865641
2023-07-05,IAU,36.62,36.62,36.285,36.29,5070172
2023-07-06,IAU,36.23,36.28,36.05,36.18,4066077
2023-07-07,IAU,36.39,36.6501,36.39,36.46,3370269
2023-07-10,IAU,36.39,36.51,36.38,36.48,3863134
2023-07-11,IAU,36.62,36.669,36.55,36.62,3124422
2023-07-12,IAU,36.97,37.13,36.95,37.12,3928115
2023-07-13,IAU,37.13,37.17,37.0346,37.14,3385621
2023-07-14,IAU,37.06,37.175,36.9687,37.02,3924680
2023-07-17,IAU,36.93,37.06,36.86,37.04,3470122
2023-07-18,IAU,37.3,37.6,37.2083,37.46,4901600
2023-07-19,IAU,37.42,37.51,37.32,37.48,3770422
2023-07-20,IAU,37.49,37.5,37.2341,37.29,3403422
2023-07-21,IAU,37.15,37.235,37.075,37.17,3243813
2023-07-24,IAU,37.18,37.25,37.0057,37.02,2858752
2023-07-25,IAU,37.08,37.2375,36.98,37.22,2749947
2023-07-26,IAU,37.29,37.4799,37.21,37.42,3752519
2023-07-27,IAU,37.07,37.07,36.8,36.84,4193772
2023-07-28,IAU,37.03,37.2,36.99,37.12,2247413
2023-07-31,IAU,37.23,37.365,37.2,37.2,5007818
2023-08-01,IAU,36.91,37.03,36.7705,36.84,4269308
2023-08-02,IAU,36.85,36.893,36.61,36.67,10211002
2023-08-03,IAU,36.62,36.7299,36.59,36.65,3912907
2023-08-04,IAU,36.78,36.89,36.705,36.77,3498271
2023-08-07,IAU,36.76,36.765,36.59,36.69,3171544
2023-08-08,IAU,36.46,36.595,36.42,36.46,3327500
2023-08-09,IAU,36.46,36.5116,36.28,36.28,3525254
2023-08-10,IAU,36.37,36.465,36.23,36.24,3813831
2023-08-11,IAU,36.27,36.39,36.22,36.24,4330660
2023-08-14,IAU,36.1,36.24,36.04,36.14,3850726
2023-08-15,IAU,36.07,36.2113,35.99,36.03,5293412
2023-08-16,IAU,36.05,36.11,35.83,35.83,6265919
2023-08-17,IAU,36.04,36.04,35.7,35.77,4110993
2023-08-18,IAU,35.88,35.925,35.74,35.78,3230824
2023-08-21,IAU,35.89,35.91,35.71,35.87,5193749
2023-08-22,IAU,35.89,35.9747,35.7843,35.94,5514497
2023-08-23,IAU,36.19,36.37,36.15,36.31,9951951
2023-08-24,IAU,36.25,36.4299,36.21,36.3,13451669
2023-08-25,IAU,36.24,36.41,36.0587,36.26,10726238
2023-08-28,IAU,36.25,36.4828,36.23,36.37,3971072
2023-08-29,IAU,36.34,36.71,36.32,36.7,7662685
2023-08-30,IAU,36.86,36.92,36.8,36.81,3052899
2023-08-31,IAU,36.81,36.84,36.7287,36.75,4103889
2023-09-01,IAU,36.9,36.96,36.6446,36.76,5390963
2023-09-05,IAU,36.59,36.62,36.46,36.48,6052466
2023-09-06,IAU,36.4,36.5393,36.2701,36.29,4283309
2023-09-07,IAU,36.39,36.41,36.31,36.34,2488821
2023-09-08,IAU,36.4,36.545,36.31,36.35,4047201
2023-09-11,IAU,36.53,36.555,36.3885,36.41,3745356
2023-09-12,IAU,36.16,36.27,36.14,36.23,3217155
2023-09-13,IAU,36.23,36.28,36.135,36.15,4007952
2023-09-14,IAU,36.02,36.21,36.0,36.17,3931004
2023-09-15,IAU,36.45,36.5599,36.4049,36.42,3646005
2023-09-18,IAU,36.505,36.62,36.4119,36.62,3315015
2023-09-19,IAU,36.65,36.67,36.5401,36.58,3494197
2023-09-20,IAU,36.6,36.88,36.6,36.61,5323563
2023-09-21,IAU,36.3,36.435,36.27,36.34,5921890
2023-09-22,IAU,36.47,36.53,36.44,36.46,2650712
2023-09-25,IAU,36.42,36.48,36.2644,36.27,27030011
2023-09-26,IAU,36.09,36.16,35.96,35.98,6387620
2023-09-27,IAU,35.77,35.785,35.45,35.54,3860755
2023-09-28,IAU,35.49,35.54,35.175,35.35,6333928
2023-09-29,IAU,35.49,35.52,34.96,34.99,9430960
2023-10-02,IAU,34.75,34.795,34.6,34.64,9975911
2023-10-03,IAU,34.53,34.71,34.45,34.53,9486846
2023-10-04,IAU,34.54,34.585,34.3948,34.52,7561793
2023-10-05,IAU,34.45,34.495,34.3501,34.47,6622918
2023-10-06,IAU,34.53,34.75,34.4,34.64,5810770
2023-10-09,IAU,34.95,35.29,34.93,35.29,5575475
2023-10-10,IAU,35.13,35.27,35.0947,35.22,3962567
2023-10-11,IAU,35.44,35.543,35.38,35.48,4847084
2023-10-12,IAU,35.54,35.565,35.3647,35.37,4539255
2023-10-13,IAU,36.12,36.56,36.08,36.5,9630653
2023-10-16,IAU,36.31,36.41,36.25,36.34,3196512
2023-10-17,IAU,36.41,36.57,36.335,36.39,3590140
2023-10-18,IAU,36.93,37.16,36.7,36.92,7123629
2023-10-19,IAU,36.96,37.449,36.91,37.37,17552224
2023-10-20,IAU,37.45,37.815,37.38,37.47,8387697
2023-10-23,IAU,37.46,37.47,37.3,37.35,6055908
2023-10-24,IAU,37.175,37.44,37.1,37.34,4706268
2023-10-25,IAU,37.44,37.625,37.16,37.51,9453401
2023-10-26,IAU,37.43,37.665,37.335,37.57,5847627
2023-10-27,IAU,37.53,38.0434,37.4601,38.01,8503752
2023-10-30,IAU,37.89,37.91,37.72,37.79,5245317
2023-10-31,IAU,37.8,38.015,37.46,37.59,9450640
2023-11-01,IAU,37.55,37.7625,37.295,37.46,13901582
2023-11-02,IAU,37.6,37.62,37.47,37.6,4212103
2023-11-03,IAU,37.65,37.87,37.63,37.73,8184291
2023-11-06,IAU,37.58,37.615,37.43,37.43,4440603
2023-11-07,IAU,37.21,37.3,37.108,37.27,3335390
2023-11-08,IAU,37.16,37.17,36.865,36.9,4444914
2023-11-09,IAU,36.94,37.215,36.935,37.04,3905987
2023-11-10,IAU,36.85,36.87,36.599,36.64,4048160
2023-11-13,IAU,36.62,36.9,36.57,36.86,3391428
2023-11-14,IAU,37.1,37.31,37.0801,37.18,4491078
2023-11-15,IAU,37.16,37.19,37.02,37.08,3748211
2023-11-16,IAU,37.32,37.63,37.32,37.5,11087150
2023-11-17,IAU,37.57,37.59,37.45,37.5,3852001
2023-11-20,IAU,37.22,37.4651,37.21,37.43,3421559
2023-11-21,IAU,37.89,38.0,37.78,37.83,4190150
2023-11-22,IAU,37.88,37.92,37.6201,37.67,3600434
2023-11-24,IAU,37.88,37.925,37.8087,37.87,2195234
2023-11-27,IAU,38.08,38.14,37.9601,38.14,3471541
2023-11-28,IAU,38.37,38.67,38.29,38.64,6862511
2023-11-29,IAU,38.61,38.7999,38.59,38.71,3950618
2023-11-30,IAU,38.57,38.6379,38.45,38.54,4804341
2023-12-01,IAU,38.55,39.29,38.53,39.21,9148734
2023-12-04,IAU,38.72,38.87,38.235,38.37,10871865
2023-12-05,IAU,38.31,38.36,38.04,38.22,7458152
2023-12-06,IAU,38.46,38.48,38.29,38.36,13756582
2023-12-07,IAU,38.49,38.5,38.2388,38.42,4702411
2023-12-08,IAU,37.97,38.1301,37.755,37.9,6003940
2023-12-11,IAU,37.67,37.68,37.4,37.5,4519437
2023-12-12,IAU,37.54,37.565,37.42,37.47,3458168
2023-12-13,IAU,37.53,38.32,37.445,38.32,8152923
2023-12-14,IAU,38.57,38.76,38.405,38.55,5091344
2023-12-15,IAU,38.5,38.585,38.1498,38.18,5048292
2023-12-18,IAU,38.3,38.49,38.24,38.36,3414659
2023-12-19,IAU,38.44,38.74,38.42,38.62,4220441
2023-12-20,IAU,38.53,38.585,38.41,38.41,4208787
2023-12-21,IAU,38.65,38.715,38.54,38.68,3816857
2023-12-22,IAU,39.12,39.18,38.815,38.86,3939757
2023-12-26,IAU,38.99,39.15,38.88,39.14,3389720
2023-12-27,IAU,39.15,39.4499,39.115,39.34,4250326
2023-12-28,IAU,39.27,39.388,39.1,39.1,3614025
2023-12-29,IAU,39.0,39.14,38.96,39.03,4877573
2024-01-02,IAU,39.09,39.18,38.9,38.94,5501539
2024-01-03,IAU,38.54,38.77,38.42,38.64,11331515
2024-01-04,IAU,38.62,38.75,38.54,38.67,4091466
2024-01-05,IAU,38.74,39.055,38.6187,38.66,6061537
2024-01-08,IAU,38.22,38.55,38.2101,38.37,4861355
2024-01-09,IAU,38.53,38.55,38.34,38.38,4676465
2024-01-10,IAU,38.41,38.485,38.23,38.3,4666113
2024-01-11,IAU,38.4,38.51,38.1,38.37,6380759
2024-01-12,IAU,38.94,39.02,38.6312,38.75,4331504
2024-01-16,IAU,38.63,38.65,38.3034,38.39,6529824
2024-01-17,IAU,38.25,38.27,37.88,37.95,4914091
2024-01-18,IAU,38.06,38.27,38.0449,38.27,4755102
2024-01-19,IAU,38.45,38.46,38.28,38.39,6115283
2024-01-22,IAU,38.24,38.345,38.16,38.24,4290331
2024-01-23,IAU,38.29,38.425,38.25,38.39,3935340
2024-01-24,IAU,38.46,38.475,38.055,38.08,6266784
2024-01-25,IAU,38.27,38.32,38.08,38.23,4637783
2024-01-26,IAU,38.25,38.27,38.14,38.18,3288135
2024-01-29,IAU,38.46,38.51,38.235,38.46,3503883
2024-01-30,IAU,38.74,38.77,38.39,38.51,4125571
2024-01-31,IAU,38.67,38.9,38.42,38.49,9428750
2024-02-01,IAU,38.74,39.076,38.6,38.89,6332007
2024-02-02,IAU,38.41,38.58,38.3699,38.51,6094882
2024-02-05,IAU,38.18,38.36,38.13,38.3,4479654
2024-02-06,IAU,38.38,38.57,38.35,38.52,4402814
2024-02-07,IAU,38.5,38.68,38.46,38.49,10268683
2024-02-08,IAU,38.37,38.505,38.36,38.45,6002952
2024-02-09,IAU,38.3,38.3478,38.22,38.32,5216939
2024-02-12,IAU,38.11,38.25,38.065,38.23,4698718
2024-02-13,IAU,37.86,37.87,37.65,37.69,6273222
2024-02-14,IAU,37.63,37.765,37.53,37.66,4572334
2024-02-15,IAU,37.9,37.9956,37.81,37.93,3728318
2024-02-16,IAU,37.8,38.13,37.755,38.07,4780077
2024-02-20,IAU,38.39,38.4085,38.28,38.31,3655940
2024-02-21,IAU,38.39,38.4077,38.215,38.3,4595495
2024-02-22,IAU,38.3,38.325,38.2057,38.3,6745514
2024-02-23,IAU,38.31,38.63,38.29,38.52,5511693
2024-02-26,IAU,38.37,38.475,38.31,38.44,3250036
2024-02-27,IAU,38.52,38.56,38.38,38.4,4310135
2024-02-28,IAU,38.48,38.51,38.41,38.48,4488880
2024-02-29,IAU,38.74,38.7914,38.65,38.65,5022478
2024-03-01,IAU,38.86,39.5,38.65,39.4,7677141
2024-03-04,IAU,39.66,40.1,39.6097,40.05,7201970
2024-03-05,IAU,40.33,40.4701,40.1701,40.29,6286543
2024-03-06,IAU,40.46,40.711,40.33,40.61,7684681
2024-03-07,IAU,40.76,40.8763,40.64,40.83,4896249
2024-03-08,IAU,41.03,41.525,40.95,41.18,7156072
2024-03-11,IAU,41.21,41.3499,41.16,41.25,4029349
2024-03-12,IAU,40.95,40.98,40.68,40.81,5770264
2024-03-13,IAU,40.94,41.235,40.92,41.1,5811295
2024-03-14,IAU,40.93,40.95,40.72,40.92,4749499
2024-03-15,IAU,40.83,40.98,40.765,40.8,3702868
2024-03-18,IAU,40.78,40.88,40.76,40.85,3291974
2024-03-19,IAU,40.77,40.82,40.635,40.82,4232702
2024-03-20,IAU,40.7,41.395,40.675,41.3,8238466
2024-03-21,IAU,41.65,41.66,40.98,41.26,6654463
2024-03-22,IAU,41.13,41.23,40.805,40.93,5018587
2024-03-25,IAU,41.1,41.255,41.05,41.05,4264509
2024-03-26,IAU,41.41,41.42,41.075,41.2,4900758
2024-03-27,IAU,41.34,41.5199,41.33,41.49,3653780
2024-03-28,IAU,41.79,42.09,41.65,42.01,7533827
2024-04-01,IAU,42.62,42.64,42.145,42.46,20547687
2024-04-02,IAU,42.7,43.11,42.5666,43.09,12232656
2024-04-03,IAU,43.02,43.48,42.96,43.46,11442577
2024-04-04,IAU,43.32,43.6001,43.11,43.22,13660644
2024-04-05,IAU,43.42,44.07,43.355,43.95,7466258
2024-04-08,IAU,44.13,44.29,43.85,44.23,6397896
2024-04-09,IAU,44.5,44.71,44.22,44.47,12397678
2024-04-10,IAU,44.01,44.49,43.86,44.04,16560762
2024-04-11,IAU,44.3007,44.91,44.11,44.89,8728413
2024-04-12,IAU,45.32,45.98,44.135,44.3,18862291
2024-04-15,IAU,44.52,45.15,43.95,45.13,15443534
2024-04-16,IAU,44.99,45.355,44.7,45.18,15690954
2024-04-17,IAU,45.17,45.3,44.65,44.86,12024652
2024-04-18,IAU,45.21,45.25,44.81,45.0,8014783
2024-04-19,IAU,45.04,45.43,44.9613,45.14,7876745
2024-04-22,IAU,44.19,44.32,43.955,44.04,8875607
2024-04-23,IAU,43.72,44.095,43.69,43.91,8383701
2024-04-24,IAU,43.88,44.2,43.8,43.86,5185357
2024-04-25,IAU,43.81,44.34,43.79,44.11,8203472
2024-04-26,IAU,44.29,44.3422,44.0351,44.26,6147489
2024-04-29,IAU,44.14,44.38,43.98,44.16,8695116
2024-04-30,IAU,43.59,43.74,43.28,43.3,9230496
2024-05-01,IAU,43.52,44.025,43.4,43.69,11788589
2024-05-02,IAU,43.31,43.66,43.21,43.55,6727532
2024-05-03,IAU,43.5,43.56,43.05,43.52,10297347
2024-05-06,IAU,43.97,44.11,43.82,43.95,5693314
2024-05-07,IAU,43.84,43.915,43.7,43.76,5484227
2024-05-08,IAU,43.64,43.8852,43.6201,43.65,6209569
2024-05-09,IAU,43.83,44.33,43.81,44.33,6346252
2024-05-10,IAU,44.78,44.87,44.56,44.68,6638566
2024-05-13,IAU,44.35,44.405,44.095,44.2,5281624
2024-05-14,IAU,44.4,44.615,44.335,44.57,5675590
2024-05-15,IAU,44.76,45.19,44.47,45.13,7731575
2024-05-16,IAU,44.98,45.07,44.83,44.97,4208704
2024-05-17,IAU,45.4,45.74,45.3,45.69,7306468
2024-05-20,IAU,45.73,46.085,45.57,45.89,5668496
2024-05-21,IAU,45.92,46.01,45.705,45.82,4511578
2024-05-22,IAU,45.59,45.6101,44.9,44.99,7061340
2024-05-23,IAU,44.69,44.795,44.07,44.07,8015278
2024-05-24,IAU,44.34,44.385,44.085,44.12,4117391
2024-05-28,IAU,44.64,44.665,44.38,44.57,5092869
2024-05-29,IAU,44.31,44.36,44.16,44.16,6020868
2024-05-30,IAU,44.27,44.44,44.22,44.24,3404477
2024-05-31,IAU,44.5,44.53,43.865,43.99,5267778
2024-06-03,IAU,44.11,44.51,44.05,44.39,5176239
2024-06-04,IAU,44.18,44.19,43.77,43.98,4146951
2024-06-05,IAU,44.27,44.5651,44.12,44.49,4581887
2024-06-06,IAU,44.62,44.9499,44.57,44.84,3911685
2024-06-07,IAU,43.96,43.97,43.235,43.24,8422010
2024-06-10,IAU,43.55,43.735,43.48,43.63,3013541
2024-06-11,IAU,43.72,43.81,43.58,43.77,2586439
2024-06-12,IAU,44.24,44.25,43.7701,43.88,7247280
2024-06-13,IAU,43.82,43.9299,43.3799,43.53,3185234
2024-06-14,IAU,43.99,44.145,43.9251,44.08,3424534
2024-06-17,IAU,43.91,43.98,43.65,43.85,3553176
2024-06-18,IAU,43.8,44.1,43.74,44.03,4548498
2024-06-20,IAU,44.21,44.69,44.17,44.58,5276305
2024-06-21,IAU,44.52,44.525,43.785,43.89,5793345
2024-06-24,IAU,44.05,44.13,43.9799,44.08,3259956
2024-06-25,IAU,43.93,43.9956,43.76,43.85,3183470
2024-06-26,IAU,43.41,43.54,43.35,43.46,4411694
2024-06-27,IAU,43.88,44.035,43.8201,43.96,3302511
2024-06-28,IAU,44.05,44.1,43.8999,43.93,2696042
2024-07-01,IAU,43.99,44.11,43.84,44.06,4481160
2024-07-02,IAU,44.0,44.15,43.865,44.06,4599808
2024-07-03,IAU,44.41,44.695,44.41,44.55,3078458
2024-07-05,IAU,44.88,45.225,44.87,45.15,4813260
2024-07-08,IAU,44.89,44.9659,44.435,44.6,3848910
2024-07-09,IAU,44.67,44.81,44.4,44.66,3114497
2024-07-10,IAU,44.99,45.105,44.785,44.83,3974114
2024-07-11,IAU,45.51,45.805,45.26,45.63,5318398
2024-07-12,IAU,45.39,45.7,45.345,45.61,3279541
2024-07-15,IAU,45.66,46.1,45.58,45.76,3046982
2024-07-16,IAU,46.07,46.66,46.0485,46.66,7066456
2024-07-17,IAU,46.76,46.9301,46.33,46.44,4801414
2024-07-18,IAU,46.53,46.655,46.105,46.15,4080966
2024-07-19,IAU,45.28,45.51,45.25,45.32,4611044
2024-07-22,IAU,45.29,45.355,45.045,45.33,2748301
2024-07-23,IAU,45.43,45.5252,45.34,45.49,2200383
2024-07-24,IAU,45.68,45.96,45.31,45.31,4548428
2024-07-25,IAU,44.78,44.81,44.455,44.62,5045077
2024-07-26,IAU,44.96,45.175,44.91,45.08,3162380
2024-07-29,IAU,45.23,45.28,44.77,45.02,4749983
2024-07-30,IAU,45.26,45.555,45.0399,45.49,4750265
2024-07-31,IAU,45.74,46.31,45.7107,46.3,4985956
2024-08-01,IAU,46.35,46.51,45.99,46.14,5918197
2024-08-02,IAU,46.6,46.76,45.555,46.05,12300132
2024-08-05,IAU,45.09,45.6,45.02,45.48,11915365
2024-08-06,IAU,45.26,45.41,44.99,45.1,45584062
2024-08-07,IAU,45.36,45.43,45.04,45.06,3390557
2024-08-08,IAU,45.53,45.83,45.48,45.77,4847942
2024-08-09,IAU,45.94,46.04,45.74,45.89,4178505
2024-08-12,IAU,46.22,46.7064,46.18,46.67,5027326
2024-08-13,IAU,46.61,46.77,46.515,46.6,10748833
2024-08-14,IAU,46.31,46.5,46.07,46.23,4835222
2024-08-15,IAU,46.29,46.4954,46.02,46.37,3838871
2024-08-16,IAU,47.01,47.4089,46.81,47.4,6205167
2024-08-19,IAU,47.04,47.37,46.96,47.35,3419452
2024-08-20,IAU,47.78,47.83,47.25,47.51,4954171
2024-08-21,IAU,47.36,47.595,47.12,47.46,4479601
2024-08-22,IAU,47.09,47.12,46.66,46.88,3331274
2024-08-23,IAU,47.22,47.565,47.1221,47.43,4430396
2024-08-26,IAU,47.72,47.729,47.435,47.58,2274635
2024-08-27,IAU,47.36,47.72,47.35,47.71,3200298
2024-08-28,IAU,47.43,47.43,47.16,47.38,2355613
2024-08-29,IAU,47.41,47.755,47.405,47.62,3828186
2024-08-30,IAU,47.52,47.595,47.12,47.28,3464067
2024-09-03,IAU,47.1,47.125,46.72,47.09,4461310
2024-09-04,IAU,46.96,47.2301,46.89,47.11,5054152
2024-09-05,IAU,47.57,47.605,47.29,47.51,3715608
2024-09-06,IAU,47.39,47.57,46.94,47.15,5270668
2024-09-09,IAU,47.27,47.35,47.095,47.35,2557512
2024-09-10,IAU,47.5,47.58,47.25,47.55,2278288
2024-09-11,IAU,47.37,47.6,47.24,47.48,3426525
2024-09-12,IAU,47.97,48.33,47.92,48.32,4597395
2024-09-13,IAU,48.68,48.85,48.6,48.8,4379617
2024-09-16,IAU,48.81,48.91,48.66,48.77,1916592
2024-09-17,IAU,48.68,48.78,48.375,48.53,3053627
2024-09-18,IAU,48.68,49.12,48.11,48.15,9193177
2024-09-19,IAU,48.7,48.96,48.525,48.89,5405771
2024-09-20,IAU,49.29,49.595,49.165,49.52,5577809
2024-09-23,IAU,49.68,49.7752,49.59,49.6,3479245
2024-09-24,IAU,49.76,50.335,49.7113,50.31,5322704
2024-09-25,IAU,50.33,50.39,50.045,50.25,4024314
2024-09-26,IAU,50.39,50.57,50.1378,50.5,3965276
2024-09-27,IAU,50.36,50.44,49.92,50.09,9018173
2024-09-30,IAU,49.88,49.895,49.58,49.7,4003418
2024-10-01,IAU,50.14,50.485,50.1,50.21,6266896
2024-10-02,IAU,50.21,50.3,49.88,50.22,8670413
2024-10-03,IAU,50.03,50.275,49.82,50.2,8834181
2024-10-04,IAU,50.09,50.43,49.9,50.08,8655846
2024-10-07,IAU,50.0,50.0599,49.85,49.92,2530065
2024-10-08,IAU,49.84,49.89,49.195,49.54,10629162
2024-10-09,IAU,49.31,49.44,49.2,49.27,3166799
2024-10-10,IAU,49.42,49.685,49.38,49.65,2936616
2024-10-11,IAU,50.0,50.27,49.98,50.16,2017669
2024-10-14,IAU,50.12,50.26,49.9313,50.1,2166281
2024-10-15,IAU,50.09,50.41,50.0,50.28,2728977
2024-10-16,IAU,50.64,50.72,50.37,50.53,2244979
2024-10-17,IAU,50.66,50.9151,50.625,50.84,4507237
2024-10-18,IAU,51.11,51.41,51.095,51.37,7175615
2024-10-21,IAU,51.68,51.7572,51.265,51.38,6549515
2024-10-22,IAU,51.73,51.92,51.63,51.92,4308575
2024-10-23,IAU,51.75,51.76,51.15,51.29,5307801
2024-10-24,IAU,51.79,51.795,51.4,51.68,3483713
2024-10-25,IAU,51.54,51.84,51.475,51.8,2901133
2024-10-28,IAU,51.74,51.855,51.72,51.78,4269695
2024-10-29,IAU,52.02,52.4,51.98,52.36,9023700
2024-10-30,IAU,52.5,52.69,52.325,52.65,3386308
2024-10-31,IAU,52.25,52.26,51.57,51.84,11368174
2024-11-01,IAU,51.99,52.11,51.615,51.62,5835085
2024-11-04,IAU,51.8,51.8452,51.585,51.7,3213099
2024-11-05,IAU,51.88,51.93,51.605,51.81,2337212
2024-11-06,IAU,50.22,50.565,50.08,50.23,10917657
2024-11-07,IAU,50.76,51.16,50.73,51.06,4299585
2024-11-08,IAU,50.92,50.985,50.66,50.7,27814476
2024-11-11,IAU,49.62,49.625,49.2901,49.51,9869489
2024-11-12,IAU,49.345,49.41,48.955,49.08,7707090
2024-11-13,IAU,49.345,49.38,48.585,48.59,8931826
2024-11-14,IAU,48.38,48.66,48.29,48.46,6172978
2024-11-15,IAU,48.58,48.6321,48.32,48.37,5204570
2024-11-18,IAU,49.17,49.38,49.16,49.29,5593039
2024-11-19,IAU,49.64,49.75,49.49,49.74,4858937
2024-11-20,IAU,49.831,50.14,49.79,50.03,4127895
2024-11-21,IAU,50.35,50.4651,50.24,50.44,3074361
2024-11-22,IAU,50.75,51.2,50.68,51.08,4238770
2024-11-25,IAU,49.94,49.97,49.385,49.59,7724153
2024-11-26,IAU,49.63,49.7053,49.4,49.69,4047658
2024-11-27,IAU,50.065,50.135,49.733981,49.78,7452801
2024-11-29,IAU,50.15,50.2635,50.05,50.25,2425523
2024-12-02,IAU,49.985,50.015,49.7173,49.79,5103881
2024-12-03,IAU,50.085,50.1354,49.755,49.89,3198964
2024-12-04,IAU,50.09,50.1699,49.975,50.04,4011974
2024-12-05,IAU,49.94,49.975,49.52,49.67,3758896
2024-12-06,IAU,49.64,49.8699,49.5799,49.68,6142859
2024-12-09,IAU,50.375,50.525,50.155,50.17,4664121
2024-12-10,IAU,50.69,50.8851,50.68,50.83,2917054
2024-12-11,IAU,50.9899,51.38,50.9125,51.3,7037053
2024-12-12,IAU,50.65,50.765,50.485,50.57,6261038
2024-12-13,IAU,50.24,50.2999,49.95,49.98,5438356
2024-12-16,IAU,50.18,50.21,50.01,50.06,3704591
2024-12-17,IAU,49.86,50.0079,49.74,49.91,4223736
2024-12-18,IAU,49.805,49.84,48.84,48.93,7227711
2024-12-19,IAU,49.005,49.09,48.825,49.0,3855392
2024-12-20,IAU,49.375,49.68,49.32,49.5,5019710
2024-12-23,IAU,49.41,49.42,49.21,49.27,4704511
2024-12-24,IAU,49.38,49.4235,49.25,49.39,1216726
2024-12-26,IAU,49.57,49.805,49.53,49.72,2384063
2024-12-27,IAU,49.35,49.4855,49.3,49.37,2654274
2024-12-30,IAU,49.29,49.3,49.0,49.22,2625002
2024-12-31,IAU,49.3,49.6,49.3,49.51,3248798
2025-01-02,IAU,49.95,50.22,49.92,50.19,4049850
2025-01-03,IAU,50.02,50.07,49.775,49.79,3330865
2025-01-06,IAU,49.565,49.859,49.505,49.74,3788968
2025-01-07,IAU,50.215,50.265,49.875,50.01,5952172
2025-01-08,IAU,50.255,50.41,50.01,50.29,4796293
2025-01-10,IAU,50.76,50.93,50.625,50.78,10078728
2025-01-13,IAU,50.365,50.48,50.14,50.25,4420523
2025-01-14,IAU,50.225,50.53,50.21,50.53,2558647
2025-01-15,IAU,50.78,50.91,50.5299,50.91,5123945
2025-01-16,IAU,51.25,51.4167,51.185,51.25,6770510
2025-01-17,IAU,51.065,51.3,50.955,50.99,4246099
2025-01-21,IAU,51.54,51.83,51.515,51.75,5817033
2025-01-22,IAU,51.925,52.1,51.91,52.03,4875743
2025-01-23,IAU,51.795,52.0799,51.71,51.98,4447446
2025-01-24,IAU,52.365,52.5782,52.28,52.31,4306341
2025-01-27,IAU,51.91,51.9988,51.52,51.76,6761856
2025-01-28,IAU,51.98,52.19,51.915,52.18,5485921
2025-01-29,IAU,52.04,52.11,51.81,52.0,5875936
2025-01-30,IAU,52.588,52.81,52.455,52.76,7054912
2025-01-31,IAU,52.99,53.18,52.7397,52.87,6724318
2025-02-03,IAU,53.14,53.44,53.085,53.17,9447839
2025-02-04,IAU,53.54,53.69,53.455,53.69,5745197
2025-02-05,IAU,54.0796,54.3999,53.99,54.02,9173746
2025-02-06,IAU,53.93,53.935,53.48,53.89,5222344
2025-02-07,IAU,54.24,54.475,53.8324,53.97,8020248
2025-02-10,IAU,54.82,54.945,54.665,54.88,10280948
2025-02-11,IAU,54.755,54.88,54.5599,54.69,6019853
2025-02-12,IAU,54.6494,54.91,54.48,54.75,7050958
2025-02-13,IAU,54.89,55.295,54.87,55.28,4307241
2025-02-14,IAU,55.24,55.27,54.3,54.46,5884597
2025-02-18,IAU,55.16,55.435,55.15,55.37,5334059
2025-02-19,IAU,55.37,55.49,55.08,55.42,4368663
2025-02-20,IAU,55.27,55.6,55.2654,55.44,3571300
2025-02-21,IAU,55.395,55.54,55.14,55.39,6585886
2025-02-24,IAU,55.52,55.7,55.31,55.68,4927918
2025-02-25,IAU,55.53,55.57,54.5,54.97,8801165
2025-02-26,IAU,54.62,55.05,54.555,55.04,5220723
2025-02-27,IAU,54.51,54.555,54.1,54.2,25891431
2025-02-28,IAU,53.7,53.89,53.44,53.87,10115846
2025-03-03,IAU,54.23,54.5984,54.2,54.57,7463027
2025-03-04,IAU,55.05,55.11,54.73,55.04,12685825
2025-03-05,IAU,54.82,55.29,54.8199,55.17,7395169
2025-03-06,IAU,54.87,55.125,54.87,54.87,5236455
2025-03-07,IAU,55.04,55.3,54.7669,54.91,6019486
2025-03-10,IAU,54.75,54.915,54.34,54.43,8597230
2025-03-11,IAU,54.93,55.14,54.92,55.07,8303645
2025-03-12,IAU,54.925,55.485,54.9001,55.3,12694114
2025-03-13,IAU,55.56,56.3299,55.555,56.27,12053403
2025-03-14,IAU,56.52,56.53,56.1901,56.29,5274121
2025-03-17,IAU,56.365,56.63,56.3467,56.62,4505515
2025-03-18,IAU,57.275,57.33,57.0749,57.27,6110119
2025-03-19,IAU,57.245,57.585,57.0907,57.51,5683752
2025-03-20,IAU,57.17,57.465,57.16,57.44,5281754
2025-03-21,IAU,57.15,57.155,56.585,56.97,5562191
2025-03-24,IAU,57.05,57.0881,56.634,56.7,5024523
2025-03-25,IAU,57.035,57.2735,56.93,56.99,2805188
2025-03-26,IAU,57.07,57.085,56.84,56.92,2373410
2025-03-27,IAU,57.38,57.705,57.2,57.68,5245497
2025-03-28,IAU,58.05,58.24,57.87,58.13,5060906
2025-03-31,IAU,58.83,59.0,58.489,58.96,9362290
2025-04-01,IAU,59.05,59.15,58.5,58.86,13282041
2025-04-02,IAU,58.97,59.14,58.7995,58.95,6634493
2025-04-03,IAU,57.81,59.14,57.79,58.6,12148752
2025-04-04,IAU,58.019,58.11,56.89,57.26,16907938
2025-04-07,IAU,57.04,57.3,55.78,56.1,16100481
2025-04-08,IAU,56.85,56.93,56.11,56.31,11423346
2025-04-09,IAU,57.735,58.475,57.5,58.38,19134296
2025-04-10,IAU,59.09,59.92,58.775,59.81,10539319
2025-04-11,IAU,60.95,61.224,60.73,60.96,10467204
2025-04-14,IAU,60.445,60.685,60.26,60.59,13329830
2025-04-15,IAU,60.76,60.975,60.58,60.94,4791454
2025-04-16,IAU,62.32,63.03,62.1635,62.93,11711491
2025-04-17,IAU,62.675,62.845,61.94,62.63,7502928
2025-04-21,IAU,64.445,64.72,64.24,64.59,11458557
2025-04-22,IAU,64.97,64.98,63.5003,63.66,21160524
2025-04-23,IAU,62.2318,62.34,61.485,62.12,20124304
2025-04-24,IAU,62.805,63.12,62.35,63.04,8467164
2025-04-25,IAU,61.76,62.48,61.5801,62.34,7890043
2025-04-28,IAU,62.24,63.25,62.0,63.23,7891488
2025-04-29,IAU,62.56,62.795,62.237,62.64,7537633
2025-04-30,IAU,62.335,62.62,62.09,62.17,8244848
2025-05-01,IAU,60.85,60.9624,60.43,60.86,8245257
2025-05-02,IAU,61.415,61.55,60.77,60.97,6921478
2025-05-05,IAU,62.595,62.95,62.345,62.79,7354852
2025-05-06,IAU,64.06,64.59,63.73,64.57,8319154
2025-05-07,IAU,63.865,64.1,63.45,63.61,7995319
2025-05-08,IAU,63.375,63.53,62.02,62.34,9265043
2025-05-09,IAU,62.98,63.125,62.62,62.77,4985276
2025-05-12,IAU,61.07,61.2699,60.7499,61.0,11144145
2025-05-13,IAU,61.18,61.435,60.825,61.28,9535045
2025-05-14,IAU,60.09,60.31,59.74,59.97,10171773
2025-05-15,IAU,60.1743,60.95,60.105,60.93,6693429
2025-05-16,IAU,59.88,60.27,59.71,60.2,8372289
2025-05-19,IAU,60.949,61.09,60.67,60.97,5463449
2025-05-20,IAU,61.045,62.14,61.045,62.12,21557921
2025-05-21,IAU,62.3267,62.71,62.13,62.59,11393387
2025-05-22,IAU,62.415,62.4685,61.825,62.03,8357926
2025-05-23,IAU,63.201,63.475,62.92,63.38,7542036
2025-05-27,IAU,62.16,62.38,61.9507,62.31,6745338
2025-05-28,IAU,62.33,62.405,62.02,62.17,11400826
2025-05-29,IAU,62.565,62.8,62.3,62.54,6179611
2025-05-30,IAU,62.12,62.215,61.695,62.16,8115913
